INDEX,NAME,RANK,REGION,REGION_2,WEAPONTYPE,WEAPONTYPE_2
1,유비,3,촉,촉·공손찬·위·원소·유표,검병,지휘형
2,관우,5,촉,촉·위¹,중갑병,기병
3,장비,4,촉,촉,창병,
4,조운,3,촉,촉·공손찬·원소²,창병,기병
5,마초,4,촉,촉·서량·장로,창병,기병
6,황충,3,촉,촉·한현·유표,궁병,
7,제갈량,5,촉,촉,책사,
8,방통,3,촉,촉,책사,
9,위연,3,촉,촉·한현·유표,도병,
10,강유,4,촉,촉·위,창병,책사
11,서서,3,촉,촉·위,책사,
12,법정,3,촉,촉·유장,책사,
13,마대,2,촉,촉·서량·장로,기병,
14,관평,3,촉,촉,도병,
15,주창,1,촉,촉·황건적,창병,
16,관흥,3,촉,촉,기병,
17,장포〔張苞〕,3,촉,촉,창병,
18,요화,1,촉,촉·황건적,창병,
19,마속,2,촉,촉,책사,
20,마량,2,촉,촉,지원병,
21,간옹,1,촉,촉,지원병,
22,미축,1,촉,촉·도겸,지원병,
23,조조,5,위,위,기병,지휘형
24,하후돈,4,위,위,중갑병,기병
25,하후연,4,위,위,궁병,기병
26,조인,4,위,위,방패병,
27,조홍,2,위,위,방패병,
28,장료,4,위,위·여포,기병,
29,악진,3,위,위,도병,
30,우금,3,위,위,창병,
31,장합,4,위,위·원소,창병,
32,서황,4,위,위·양봉,도끼병,
33,전위,4,위,위,쌍극병,
34,허저,4,위,위,도병,
35,방덕,4,위,위·서량·장로,중갑병,기병
36,사마의,5,위,위,책사,
37,곽가,4,위,위,책사,
38,순욱,4,위,위·원소,지원병,
39,순유,3,위,위,책사,
40,가후,4,위,위·동탁계·장수〔張繡〕,책사,
41,정욱,3,위,위,책사,
42,등애,4,위,위,창병,
43,종회,4,위,위,책사,
44,조비,3,위,위,검병,지휘형
45,조식,1,위,위,지원병,
46,이전,2,위,위,노병,
47,손견,4,오,오·원술,도병,
48,손책,5,오,오·원술,창병,기병
49,손권,4,오,오,검병,지휘형
50,주유,5,오,오,책사,
51,노숙,3,오,오,지원병,
52,여몽,4,오,오,도병,책사
53,육손,5,오,오,책사,
54,황개,3,오,오,방패병,
55,정보,3,오,오,창병,
56,한당,2,오,오,궁병,
57,태사자,4,오,오·유요,궁병,
58,감녕,4,오,오·유표·황조,도병,기습형
59,주태,3,오,오,방패병,
60,장흠,2,오,오,궁병,
61,능통,3,오,오,창병,
62,대교,2,오,오,지원병,
63,소교,2,오,오,지원병,
64,손부인〔통칭 손상향〕,3,오,오·촉〔혼인〕,궁병,
65,동탁,4,동탁,동탁,중갑병,기병
66,이유,3,동탁,동탁,책사,
67,화웅,3,동탁,동탁,도병,
68,이각,2,동탁,동탁계,기병,
69,곽사,2,동탁,동탁계,도병,
70,여포,5,여포,여포·정원·동탁·원소·장양,극병,기병
71,진궁,3,여포,여포·장막,책사,
72,고순,3,여포,여포,방패병,
73,초선,4,여포,여포·동탁〔서사〕,지원병,
74,장각,5,황건적,황건적,술사,
75,장보〔張寶〕,3,황건적,황건적,술사,
76,장량〔張梁〕,2,황건적,황건적,도병,지휘형
77,관해,2,황건적,황건적,도병,
78,정원지,1,황건적,황건적,창병,
79,등무,1,황건적,황건적,도병,
80,원소,4,원소,원소,기병,지휘형
81,안량,4,원소,원소,도병,기병
82,문추,4,원소,원소,창병,기병
83,저수,3,원소,원소,책사,
84,전풍,3,원소,원소,책사,
85,원술,2,원술,원술,지원병,지휘형
86,기령,3,원술,원술,창병,
87,맹획,4,남만,남만·촉〔귀순〕,방패병,
88,축융부인,4,남만,남만,투척병,
89,맹우,2,남만,남만,도병,
90,올돌골,4,남만,남만,등갑병,
91,목록대왕,4,남만,남만,상병,소환형
92,타사대왕,3,남만,남만,술사,
93,공손찬,3,기타 군웅,공손찬,궁병,기병
94,유표,2,기타 군웅,유표,지원병,지휘형
95,황조,2,기타 군웅,유표·황조,궁병,
96,유장,1,기타 군웅,유장,지원병,지휘형
97,장임,3,기타 군웅,유장,창병,
98,장로,3,기타 군웅,장로·위〔귀순〕,술사,지원병
99,마등,3,기타 군웅,서량,기병,지휘형
100,한수,2,기타 군웅,서량,기병,책사
