INDEX,NAME,RANK,MaxHp,Attack,Def,AttackSpd,AttackRange
1,유비,3,100,10,5,1,2
2,관우,5,100,10,5,1,2
3,장비,4,100,10,5,1,2
4,조운,3,100,10,5,1,2
5,마초,4,100,10,5,1,2
6,황충,3,100,10,5,1,2
7,제갈량,5,100,10,5,1,2
8,방통,3,100,10,5,1,2
9,위연,3,100,10,5,1,2
10,강유,4,100,10,5,1,2
11,서서,3,100,10,5,1,2
12,법정,3,100,10,5,1,2
13,마대,2,100,10,5,1,2
14,관평,3,100,10,5,1,2
15,주창,1,100,10,5,1,2
16,관흥,3,100,10,5,1,2
17,장포〔張苞〕,3,100,10,5,1,2
18,요화,1,100,10,5,1,2
19,마속,2,100,10,5,1,2
20,마량,2,100,10,5,1,2
21,간옹,1,100,10,5,1,2
22,미축,1,100,10,5,1,2
23,조조,5,100,10,5,1,2
24,하후돈,4,100,10,5,1,2
25,하후연,4,100,10,5,1,2
26,조인,4,100,10,5,1,2
27,조홍,2,100,10,5,1,2
28,장료,4,100,10,5,1,2
29,악진,3,100,10,5,1,2
30,우금,3,100,10,5,1,2
31,장합,4,100,10,5,1,2
32,서황,4,100,10,5,1,2
33,전위,4,100,10,5,1,2
34,허저,4,100,10,5,1,2
35,방덕,4,100,10,5,1,2
36,사마의,5,100,10,5,1,2
37,곽가,4,100,10,5,1,2
38,순욱,4,100,10,5,1,2
39,순유,3,100,10,5,1,2
40,가후,4,100,10,5,1,2
41,정욱,3,100,10,5,1,2
42,등애,4,100,10,5,1,2
43,종회,4,100,10,5,1,2
44,조비,3,100,10,5,1,2
45,조식,1,100,10,5,1,2
46,이전,2,100,10,5,1,2
47,손견,4,100,10,5,1,2
48,손책,5,100,10,5,1,2
49,손권,4,100,10,5,1,2
50,주유,5,100,10,5,1,2
51,노숙,3,100,10,5,1,2
52,여몽,4,100,10,5,1,2
53,육손,5,100,10,5,1,2
54,황개,3,100,10,5,1,2
55,정보,3,100,10,5,1,2
56,한당,2,100,10,5,1,2
57,태사자,4,100,10,5,1,2
58,감녕,4,100,10,5,1,2
59,주태,3,100,10,5,1,2
60,장흠,2,100,10,5,1,2
61,능통,3,100,10,5,1,2
62,대교,2,100,10,5,1,2
63,소교,2,100,10,5,1,2
64,손부인〔통칭 손상향〕,3,100,10,5,1,2
65,동탁,4,100,10,5,1,2
66,이유,3,100,10,5,1,2
67,화웅,3,100,10,5,1,2
68,이각,2,100,10,5,1,2
69,곽사,2,100,10,5,1,2
70,여포,5,100,10,5,1,2
71,진궁,3,100,10,5,1,2
72,고순,3,100,10,5,1,2
73,초선,4,100,10,5,1,2
74,장각,5,100,10,5,1,2
75,장보〔張寶〕,3,100,10,5,1,2
76,장량〔張梁〕,2,100,10,5,1,2
77,관해,2,100,10,5,1,2
78,정원지,1,100,10,5,1,2
79,등무,1,100,10,5,1,2
80,원소,4,100,10,5,1,2
81,안량,4,100,10,5,1,2
82,문추,4,100,10,5,1,2
83,저수,3,100,10,5,1,2
84,전풍,3,100,10,5,1,2
85,원술,2,100,10,5,1,2
86,기령,3,100,10,5,1,2
87,맹획,4,100,10,5,1,2
88,축융부인,4,100,10,5,1,2
89,맹우,2,100,10,5,1,2
90,올돌골,4,100,10,5,1,2
91,목록대왕,4,100,10,5,1,2
92,타사대왕,3,100,10,5,1,2
93,공손찬,3,100,10,5,1,2
94,유표,2,100,10,5,1,2
95,황조,2,100,10,5,1,2
96,유장,1,100,10,5,1,2
97,장임,3,100,10,5,1,2
98,장로,3,100,10,5,1,2
99,마등,3,100,10,5,1,2
100,한수,2,100,10,5,1,2
